start,end,inj_name
1737385885004,1737385888012,[HTTP]HTTPReadInjection(d3000-r1)
1737385889028,1737385892037,[HTTP]HTTPReadInjection(d3000-r1)
1737385902071,1737385905074,[HTTP]HTTPReadInjection(d3000-r1)
1737385883001,1737385886018,[Disk_default]DiskStressInjection(d3000-nw10)
1737385897053,1737385900105,[Disk_default]DiskStressInjection(d3000-nw10)
1737385909084,1737385912104,[Disk_default]DiskStressInjection(d3000-nw10)
1737385881000,1737385884019,[CPU_default]CPUStressInjection(d3000)
1737385905079,1737385908084,[CPU_default]CPUStressInjection(d3000)
1737385900058,1737385903083,[Memory_default]MemoryStressInjection(d3000-i1234567)
1737385887008,1737385890034,[Deadlock_50_locks]DeadlockInjection(d3000-t3-l50)
1737385891033,1737385894056,[Deadlock_50_locks]DeadlockInjection(d3000-t3-l50)
